VH,VV,year
-18.976907946525998,-12.38521348857835,2016
-19.273649484473424,-12.176893315868691,2017
-20.10260883900564,-12.267048613524407,2018
-19.927755503829317,-12.317929749646877,2019
-19.596950710943247,-11.74421008339309,2020
-19.608183155690888,-11.911394255237221,2021
-19.33835536777194,-12.021274923314131,2022
-19.100619354386776,-11.81484227382328,2023
-19.349381788369815,-12.057635627760007,2024
-19.429359434495275,-11.958433633826656,2025
